GlobalRank,TldRank,Domain,TLD,RefSubNets,RefIPs,IDN_Domain,IDN_TLD,PrevGlobalRank,PrevTldRank,PrevRefSubNets,PrevRefIPs
1,1,google.com,com,491807,2417855,google.com,com,1,1,492576,2421325
2,2,facebook.com,com,490973,2571539,facebook.com,com,2,2,491403,2574851
3,3,youtube.com,com,442432,2081746,youtube.com,com,3,3,442958,2085052
4,4,twitter.com,com,435964,2067749,twitter.com,com,4,4,436375,2070243
5,5,instagram.com,com,374200,1725940,instagram.com,com,5,5,374300,1727332
6,6,linkedin.com,com,350545,1445874,linkedin.com,com,6,6,350892,1448214
7,7,apple.com,com,282414,910247,apple.com,com,7,7,283327,912004
8,8,microsoft.com,com,280250,830696,microsoft.com,com,8,8,280837,831796
9,1,wikipedia.org,org,270386,964932,wikipedia.org,org,9,1,270858,966599
10,9,googletagmanager.com,com,259622,886399,googletagmanager.com,com,10,9,260191,887137
11,2,wordpress.org,org,258235,1098122,wordpress.org,org,11,2,258347,1098198
12,1,youtu.be,be,236715,786766,youtu.be,be,12,1,237367,788552
13,3,en.wikipedia.org,org,226158,722975,en.wikipedia.org,org,13,3,226504,723890
14,10,pinterest.com,com,220894,866262,pinterest.com,com,14,10,221299,866826
15,11,play.google.com,com,215568,608584,play.google.com,com,15,11,216171,609812
16,12,github.com,com,209359,530193,github.com,com,16,12,209819,531617
17,13,vimeo.com,com,207822,724928,vimeo.com,com,17,13,208247,726348
18,14,maps.google.com,com,202739,706591,maps.google.com,com,18,14,203063,707395
19,1,goo.gl,gl,199320,646171,goo.gl,gl,19,1,199819,647114
20,15,plus.google.com,com,198395,710497,plus.google.com,com,20,15,198742,711459
21,1,bit.ly,ly,189414,569179,bit.ly,ly,21,1,189908,570394
22,16,adobe.com,com,184832,510605,adobe.com,com,22,16,185095,511177
23,17,docs.google.com,com,183962,537249,docs.google.com,com,23,17,184282,538153
24,18,wordpress.com,com,181528,574126,wordpress.com,com,24,18,181809,575234
25,19,blogspot.com,com,173834,538997,blogspot.com,com,25,19,174079,540019
26,20,amazon.com,com,172899,513453,amazon.com,com,26,20,173344,514502
27,21,player.vimeo.com,com,171049,559857,player.vimeo.com,com,27,21,171478,560999
28,22,itunes.apple.com,com,166877,419661,itunes.apple.com,com,28,22,167723,420908
29,4,mozilla.org,org,161976,450586,mozilla.org,org,29,4,160339,446178
30,23,macromedia.com,com,157705,452139,macromedia.com,com,30,23,158107,453248
31,24,apps.apple.com,com,156443,373351,apps.apple.com,com,31,24,156890,373917
32,25,drive.google.com,com,152909,417989,drive.google.com,com,32,25,153125,418106
33,26,yahoo.com,com,147123,384404,yahoo.com,com,33,26,147563,385416
34,27,whatsapp.com,com,147080,510647,whatsapp.com,com,34,27,147072,510625
35,28,tumblr.com,com,139753,442749,tumblr.com,com,35,28,139895,443338
36,1,europa.eu,eu,139099,443239,europa.eu,eu,36,1,139686,444296
37,29,api.whatsapp.com,com,130858,446907,api.whatsapp.com,com,37,29,130772,446793
38,30,flickr.com,com,126674,354202,flickr.com,com,38,30,127063,354948
39,31,reddit.com,com,125969,379683,reddit.com,com,39,31,126138,379924
40,32,qq.com,com,125349,768447,qq.com,com,40,32,125451,768864
41,33,gravatar.com,com,124553,441396,gravatar.com,com,41,33,124462,441551
42,1,nih.gov,gov,123708,324737,nih.gov,gov,42,1,124043,325374
43,34,policies.google.com,com,120416,389866,policies.google.com,com,44,35,120242,389214
44,35,nytimes.com,com,120305,322281,nytimes.com,com,43,34,120558,322748
45,36,amazonaws.com,com,119622,269758,amazonaws.com,com,45,36,119905,269988
46,5,apache.org,org,118747,226636,apache.org,org,46,5,118834,226748
47,1,github.io,io,117043,253463,github.io,io,48,1,117230,254217
48,37,sites.google.com,com,117034,283861,sites.google.com,com,47,37,117335,284271
49,38,soundcloud.com,com,113352,325010,soundcloud.com,com,49,38,113710,325701
50,1,miit.gov.cn,cn,112125,865755,miit.gov.cn,cn,51,1,111878,865882
51,1,t.co,co,111641,317377,t.co,co,50,1,111991,317955
52,39,medium.com,com,111558,277918,medium.com,com,52,39,111777,278115
53,6,w3.org,org,111137,234784,w3.org,org,53,6,111387,234994
54,40,support.apple.com,com,110734,306133,support.apple.com,com,-1,-1,-1,-1
55,41,forbes.com,com,110587,280568,forbes.com,com,54,40,110848,280913
56,1,forms.gle,gle,109538,268404,forms.gle,gle,56,1,109706,268681
57,42,baidu.com,com,107932,569355,baidu.com,com,57,41,107859,569725
58,1,zoom.us,us,107181,253063,zoom.us,us,60,1,107038,251773
59,43,spotify.com,com,106973,296195,spotify.com,com,59,43,107233,296326
60,2,beian.miit.gov.cn,cn,106749,780717,beian.miit.gov.cn,cn,61,2,106440,780635
61,44,cloudflare.com,com,106716,305057,cloudflare.com,com,62,44,105813,301952
62,1,t.me,me,104774,316291,t.me,me,63,1,104794,316076
63,2,www.ncbi.nlm.nih.gov,gov,104521,261917,www.ncbi.nlm.nih.gov,gov,64,2,104682,262092
64,7,archive.org,org,103934,261477,archive.org,org,65,7,104204,261874
65,45,theguardian.com,com,103481,268242,theguardian.com,com,66,45,103753,268896
66,8,creativecommons.org,org,102478,234527,creativecommons.org,org,67,8,102848,234944
67,1,sourceforge.net,net,101623,203358,sourceforge.net,net,68,1,101829,203899
68,46,cnn.com,com,100142,251356,cnn.com,com,69,46,100318,251606
69,2,wa.me,me,100084,316635,wa.me,me,70,2,99982,316277
70,47,open.spotify.com,com,97791,265989,open.spotify.com,com,-1,-1,-1,-1
71,48,dropbox.com,com,97629,229626,dropbox.com,com,71,47,97776,229967
72,1,who.int,int,96725,221578,who.int,int,72,1,97056,221951
73,49,wixsite.com,com,96214,236939,wixsite.com,com,73,48,96504,237432
74,50,office.com,com,95334,217528,office.com,com,74,49,95687,217997
75,51,paypal.com,com,94526,260384,paypal.com,com,77,51,94748,260943
76,1,bbc.co.uk,uk,94504,237038,bbc.co.uk,uk,76,1,94845,237676
77,52,m.facebook.com,com,93447,250062,m.facebook.com,com,-1,-1,-1,-1
78,53,tiktok.com,com,93229,243933,tiktok.com,com,78,52,93111,243673
79,54,issuu.com,com,91333,215004,issuu.com,com,79,53,91587,215415
80,55,weebly.com,com,91034,216742,weebly.com,com,80,54,91308,217359
81,56,sciencedirect.com,com,90484,213057,sciencedirect.com,com,81,55,90734,213572
82,3,cdc.gov,gov,89953,221943,cdc.gov,gov,83,3,90142,222348
83,57,bbc.com,com,89491,218055,bbc.com,com,84,57,89703,218200
84,58,vk.com,com,89281,287657,vk.com,com,85,58,89187,287497
85,9,httpd.apache.org,org,88645,158922,httpd.apache.org,org,86,9,88681,158906
86,10,nginx.org,org,88444,176817,nginx.org,org,87,10,87981,175814
87,59,tinyurl.com,com,87753,203340,tinyurl.com,com,88,59,87929,203641
88,60,opera.com,com,86553,216144,opera.com,com,90,61,86592,216173
89,61,reuters.com,com,86326,203295,reuters.com,com,91,62,86557,203778
90,62,live.com,com,85885,198893,live.com,com,89,60,86873,201001
91,63,washingtonpost.com,com,85791,210485,washingtonpost.com,com,92,63,85847,210697
92,64,oracle.com,com,85449,159395,oracle.com,com,94,65,84596,156207
93,65,nginx.com,com,84944,169420,nginx.com,com,95,66,84445,168398
94,66,youtube-nocookie.com,com,84233,206436,youtube-nocookie.com,com,96,67,84421,207006
95,67,bloomberg.com,com,83801,193559,bloomberg.com,com,97,68,84047,193921
96,68,imdb.com,com,83688,213907,imdb.com,com,98,69,83790,213999
97,1,harvard.edu,edu,83427,190677,harvard.edu,edu,99,1,83622,190803
98,2,php.net,net,82958,159365,php.net,net,100,2,83074,159438
99,2,mit.edu,edu,82600,172993,mit.edu,edu,101,2,82902,173266
100,69,accounts.google.com,com,82515,177983,accounts.google.com,com,93,64,84748,186277
101,11,doi.org,org,82465,184385,doi.org,org,102,11,82615,184577
102,70,wsj.com,com,81861,192224,wsj.com,com,103,70,82027,192239
103,71,weibo.com,com,81468,260702,weibo.com,com,104,71,81531,260736
104,12,wikimedia.org,org,81205,189942,wikimedia.org,org,105,12,81493,190431
105,72,bing.com,com,80615,180309,bing.com,com,106,72,80907,180782
106,73,wiley.com,com,80196,177965,wiley.com,com,107,73,80369,178280
107,74,nature.com,com,78938,174915,nature.com,com,110,76,79077,175112
108,75,msn.com,com,78819,175005,msn.com,com,111,77,79052,175268
109,13,un.org,org,78736,168916,un.org,org,112,13,78936,169150
110,14,gnu.org,org,78401,149520,gnu.org,org,113,14,78614,150190
111,76,businessinsider.com,com,78303,183785,businessinsider.com,com,108,74,80123,187794
112,3,stanford.edu,edu,76997,163735,stanford.edu,edu,114,3,77313,163959
113,3,researchgate.net,net,76503,169962,researchgate.net,net,115,3,76714,170149
114,77,wpa.qq.com,com,75427,410363,wpa.qq.com,com,117,79,75399,410234
115,78,ibm.com,com,75289,144160,ibm.com,com,116,78,75513,144158
116,79,list-manage.com,com,74450,176230,list-manage.com,com,118,80,74836,176683
117,80,springer.com,com,73907,159129,springer.com,com,119,81,74218,159352
118,81,wp.com,com,73195,224106,wp.com,com,120,82,73191,224099
119,82,wix.com,com,72534,158334,wix.com,com,122,83,72569,158004
120,4,slideshare.net,net,72495,151065,slideshare.net,net,121,4,72673,151368
121,5,cpanel.net,net,71966,243614,cpanel.net,net,124,5,71716,243518
122,4,nasa.gov,gov,71696,151973,nasa.gov,gov,123,4,71800,152277
123,83,cnbc.com,com,71320,164937,cnbc.com,com,125,84,71480,164909
124,84,go.com,com,71003,166843,go.com,com,126,85,71156,167024
125,85,outlook.com,com,70588,147321,outlook.com,com,127,86,70815,147448
126,86,time.com,com,70545,163091,time.com,com,128,87,70738,163370
127,87,eventbrite.com,com,70027,161994,eventbrite.com,com,129,88,70278,162345
128,2,dailymail.co.uk,uk,69954,168422,dailymail.co.uk,uk,130,2,70180,168782
129,3,www.gov.uk,uk,69699,165837,www.gov.uk,uk,131,3,69998,166694
130,1,g.page,page,69671,175703,g.page,page,132,1,69810,175887
131,4,telegraph.co.uk,uk,69279,161210,telegraph.co.uk,uk,133,4,69496,161662
132,88,mp.weixin.qq.com,com,68983,245132,mp.weixin.qq.com,com,135,90,68958,245339
133,89,usatoday.com,com,68865,161364,usatoday.com,com,134,89,69072,161617
134,90,windows.microsoft.com,com,68422,156546,windows.microsoft.com,com,-1,-1,-1,-1
135,91,cnet.com,com,68111,150382,cnet.com,com,136,91,68323,150730
136,92,chrome.google.com,com,68082,139857,chrome.google.com,com,-1,-1,-1,-1
137,15,npr.org,org,67775,162892,npr.org,org,137,15,67830,162997
138,93,shopify.com,com,67126,145862,shopify.com,com,139,93,66899,145088
139,94,ted.com,com,67003,148069,ted.com,com,138,92,67269,148523
140,5,ancomunn.co.uk,uk,65837,153231,ancomunn.co.uk,uk,140,5,65960,153446
141,95,wired.com,com,65611,145552,wired.com,com,141,94,65823,145691
142,3,beian.gov.cn,cn,65433,254156,beian.gov.cn,cn,144,3,65308,254235
143,6,cloudfront.net,net,65272,131985,cloudfront.net,net,143,6,65522,132085
144,96,blogger.com,com,65271,158224,blogger.com,com,145,96,65049,157510
145,97,hp.com,com,65238,120946,hp.com,com,142,95,65550,121444
146,1,amzn.to,to,64941,194068,amzn.to,to,147,1,64873,194095
147,98,ebay.com,com,64654,147653,ebay.com,com,148,98,64764,148057
148,99,surveymonkey.com,com,64642,127539,surveymonkey.com,com,146,97,64966,128031
149,100,addtoany.com,com,64233,163487,addtoany.com,com,149,99,64338,163596
150,101,mysql.com,com,63526,111350,mysql.com,com,150,100,63649,111429
151,102,unsplash.com,com,63314,151356,unsplash.com,com,151,101,63560,151468
152,103,statista.com,com,63305,140442,statista.com,com,152,102,63544,140630
153,104,i0.wp.com,com,63134,191763,i0.wp.com,com,153,103,63077,191704
154,105,myspace.com,com,62662,143218,myspace.com,com,154,104,62847,143400
155,106,googleusercontent.com,com,62641,143409,googleusercontent.com,com,155,105,62662,143160
156,107,bp.blogspot.com,com,62515,151801,bp.blogspot.com,com,157,106,62470,151723
157,108,aol.com,com,62391,123833,aol.com,com,158,107,62357,123442
158,4,berkeley.edu,edu,62073,127168,berkeley.edu,edu,159,4,62239,127441
159,5,loc.gov,gov,62042,119954,loc.gov,gov,156,5,62497,120664
160,6,independent.co.uk,uk,61985,142684,independent.co.uk,uk,160,6,62224,143028
161,109,webmd.com,com,61795,153481,webmd.com,com,162,108,61988,153931
162,16,commons.wikimedia.org,org,61787,137032,commons.wikimedia.org,org,161,16,61998,137358
163,1,gc.ca,ca,61598,131692,gc.ca,ca,163,1,61827,132049
164,110,etsy.com,com,61554,154358,etsy.com,com,164,109,61596,154536
165,17,validator.w3.org,org,61364,119662,validator.w3.org,org,165,17,61473,119780
166,111,huffingtonpost.com,com,61182,141483,huffingtonpost.com,com,167,111,61061,140933
167,112,techcrunch.com,com,61061,131394,techcrunch.com,com,166,110,61314,131551
168,18,debian.org,org,60170,101208,debian.org,org,170,18,60180,101243
169,113,ft.com,com,60118,131294,ft.com,com,168,112,60430,131650
170,7,behance.net,net,60092,142103,behance.net,net,169,7,60244,142485
171,19,ietf.org,org,59310,101177,ietf.org,org,172,19,59424,101160
172,114,imgur.com,com,59277,132592,imgur.com,com,171,113,59458,132650
173,7,amazon.co.uk,uk,59202,143735,amazon.co.uk,uk,173,7,59391,144096
174,115,latimes.com,com,58972,136308,latimes.com,com,174,114,59076,136501
175,116,cbsnews.com,com,58933,134903,cbsnews.com,com,176,116,59025,135074
176,117,domainmarket.com,com,58877,123091,domainmarket.com,com,175,115,59073,123468
177,118,prnewswire.com,com,58573,124941,prnewswire.com,com,177,117,58732,125064
178,4,sina.com.cn,cn,58260,169818,sina.com.cn,cn,178,4,58299,169988
179,5,washington.edu,edu,58022,107751,washington.edu,edu,179,5,58261,107967
180,119,yelp.com,com,57809,153012,yelp.com,com,182,118,57851,153457
181,8,themeforest.net,net,57798,151238,themeforest.net,net,181,8,57869,151501
182,6,cornell.edu,edu,57721,121380,cornell.edu,edu,180,6,57948,121487
183,1,twitch.tv,tv,57633,130175,twitch.tv,tv,183,1,57720,130425
184,1,aboutads.info,info,57599,151871,aboutads.info,info,187,1,57549,151794
185,120,theverge.com,com,57542,124409,theverge.com,com,184,119,57660,124490
186,1,linktr.ee,ee,57406,129244,linktr.ee,ee,188,1,57456,129255
187,121,oup.com,com,57399,117972,oup.com,com,186,120,57586,118253
188,1,free.fr,fr,57375,118796,free.fr,fr,185,1,57623,119253
189,6,ca.gov,gov,56737,129510,ca.gov,gov,190,6,56824,129527
190,122,stackoverflow.com,com,56686,106185,stackoverflow.com,com,192,123,56763,106206
191,123,dailymotion.com,com,56654,131403,dailymotion.com,com,191,122,56790,131811
192,124,baike.baidu.com,com,56247,200089,baike.baidu.com,com,194,125,56176,200208
193,125,nationalgeographic.com,com,55985,118910,nationalgeographic.com,com,195,126,56167,119143
194,7,fda.gov,gov,55972,118219,fda.gov,gov,196,7,56112,118423
195,126,tandfonline.com,com,55853,113806,tandfonline.com,com,197,127,56096,113931
196,127,theatlantic.com,com,55761,124966,theatlantic.com,com,198,128,55924,125007
197,128,mailchimp.com,com,55427,126948,mailchimp.com,com,199,129,55619,127170
198,129,squarespace.com,com,55121,118527,squarespace.com,com,200,130,55282,118719
199,130,hugedomains.com,com,55064,103480,hugedomains.com,com,193,124,56479,106553
200,3,telegram.me,me,54956,155595,telegram.me,me,201,3,54830,155486
201,131,huffpost.com,com,54745,124174,huffpost.com,com,220,143,53097,120402
202,132,goodreads.com,com,54660,126019,goodreads.com,com,202,131,54802,126253
203,7,princeton.edu,edu,54465,100054,princeton.edu,edu,203,7,54655,100148
204,9,launchpad.net,net,54343,84023,launchpad.net,net,205,9,54341,83978
205,133,myshopify.com,com,54306,117554,myshopify.com,com,206,133,54259,117310
206,20,fr.wikipedia.org,org,54302,119127,fr.wikipedia.org,org,-1,-1,-1,-1
207,4,line.me,me,54224,155712,line.me,me,208,4,54049,155415
208,134,tripadvisor.com,com,54085,124791,tripadvisor.com,com,207,134,54168,124935
209,135,s3.amazonaws.com,com,54085,108359,s3.amazonaws.com,com,204,132,54355,108604
210,136,kickstarter.com,com,53706,118209,kickstarter.com,com,210,136,53811,118479
211,137,samsung.com,com,53655,106546,samsung.com,com,209,135,53911,106890
212,1,google.de,de,53583,170304,google.de,de,211,1,53801,170889
213,138,nbcnews.com,com,53405,120353,nbcnews.com,com,213,138,53555,120502
214,139,bitly.com,com,53398,107055,bitly.com,com,212,137,53571,107211
215,1,mailchi.mp,mp,53296,113582,mailchi.mp,mp,214,1,53521,113777
216,140,hubspot.com,com,53238,111141,hubspot.com,com,215,139,53416,111294
217,141,statcounter.com,com,53167,127519,statcounter.com,com,217,141,53225,127527
218,142,youku.com,com,53145,151099,youku.com,com,219,142,53183,151133
219,143,sagepub.com,com,53113,107754,sagepub.com,com,216,140,53327,107987
220,21,hbr.org,org,52961,109027,hbr.org,org,218,20,53212,109203
221,144,scribd.com,com,52816,113700,scribd.com,com,221,144,52964,113753
222,145,livejournal.com,com,52814,118755,livejournal.com,com,222,145,52913,118901
223,8,google.co.uk,uk,52404,124220,google.co.uk,uk,224,8,52582,124561
224,146,fb.com,com,52178,112693,fb.com,com,225,147,52322,112722
225,22,networkadvertising.org,org,52125,120624,networkadvertising.org,org,227,22,52090,120689
226,23,unesco.org,org,52109,101601,unesco.org,org,226,21,52249,101791
227,8,whitehouse.gov,gov,51965,109477,whitehouse.gov,gov,228,8,52088,109634
228,147,sedo.com,com,51930,105629,sedo.com,com,235,152,51661,105004
229,148,investopedia.com,com,51911,118914,investopedia.com,com,229,148,52013,118953
230,149,bandcamp.com,com,51844,121641,bandcamp.com,com,231,149,51916,121811
231,1,business.site,site,51837,112778,business.site,site,230,1,51987,112917
232,150,163.com,com,51800,136395,163.com,com,232,150,51828,136486
233,24,allaboutcookies.org,org,51710,117859,allaboutcookies.org,org,234,23,51720,117978
234,151,britannica.com,com,51692,115877,britannica.com,com,233,151,51801,115969
235,152,skype.com,com,51536,111003,skype.com,com,236,153,51632,111126
236,153,quora.com,com,51397,116732,quora.com,com,237,154,51486,116840
237,154,pixabay.com,com,51199,119747,pixabay.com,com,238,155,51373,119750
238,155,businesswire.com,com,51136,104986,businesswire.com,com,239,156,51296,105020
239,9,usda.gov,gov,51046,110741,usda.gov,gov,241,9,51118,110875
240,156,netflix.com,com,51032,116225,netflix.com,com,240,157,51189,116446
241,157,taobao.com,com,50941,117070,taobao.com,com,242,158,50938,117294
242,5,fb.me,me,50708,102854,fb.me,me,243,5,50901,102997
243,158,usnews.com,com,50647,112438,usnews.com,com,245,159,50713,112577
244,25,iso.org,org,50578,83952,iso.org,org,244,24,50745,84098
245,26,change.org,org,50467,112341,change.org,org,247,25,50565,112534
246,159,economist.com,com,50355,101309,economist.com,com,246,160,50635,101451
247,10,epa.gov,gov,50349,105847,epa.gov,gov,248,10,50392,106004
248,160,marriott.com,com,50167,99926,marriott.com,com,250,162,50118,99849
249,161,1.bp.blogspot.com,com,50120,117786,1.bp.blogspot.com,com,252,163,50002,117555
250,27,sitemaps.org,org,50098,127428,sitemaps.org,org,251,26,50073,127447
251,162,redhat.com,com,50075,80965,redhat.com,com,249,161,50210,80997
252,163,healthline.com,com,50006,121053,healthline.com,com,253,164,49980,121087
253,28,rfc-editor.org,org,49982,83582,rfc-editor.org,org,257,28,49648,83088
254,164,foxnews.com,com,49825,113115,foxnews.com,com,255,165,49925,113306
255,1,discord.gg,gg,49758,109503,discord.gg,gg,254,1,49926,109664
256,29,worldbank.org,org,49130,95015,worldbank.org,org,258,29,49438,95140
257,30,cambridge.org,org,49088,97538,cambridge.org,org,259,30,49269,97613
258,165,akismet.com,com,49002,132308,akismet.com,com,264,169,48957,132301
259,31,pbs.org,org,48990,108230,pbs.org,org,260,31,49152,108312
260,166,booking.com,com,48935,107908,booking.com,com,261,166,49036,107984
261,167,indiatimes.com,com,48911,107521,indiatimes.com,com,262,167,49028,107656
262,168,about.com,com,48831,99756,about.com,com,263,168,48966,100016
263,169,buzzfeed.com,com,48777,106909,buzzfeed.com,com,265,170,48942,107167
264,8,umich.edu,edu,48458,94844,umich.edu,edu,267,9,48582,94925
265,9,columbia.edu,edu,48454,94565,columbia.edu,edu,266,8,48617,94743
266,170,typepad.com,com,48364,103642,typepad.com,com,268,171,48494,103944
267,171,xinhuanet.com,com,48268,129684,xinhuanet.com,com,270,173,48376,129920
268,172,eepurl.com,com,48122,109588,eepurl.com,com,273,175,48219,109750
269,32,mayoclinic.org,org,47908,111475,mayoclinic.org,org,274,32,48070,111662
270,173,wikihow.com,com,47838,103596,wikihow.com,com,275,176,48043,103770
271,10,yale.edu,edu,47765,93424,yale.edu,edu,276,10,47967,93624
272,174,sciencedaily.com,com,47760,99974,sciencedaily.com,com,277,177,47921,100134
273,33,sciencemag.org,org,47691,90768,sciencemag.org,org,278,33,47859,90983
274,11,state.gov,gov,47623,97826,state.gov,gov,280,11,47716,97869
275,11,academia.edu,edu,47607,99280,academia.edu,edu,279,11,47759,99452
276,175,translate.google.com,com,47514,92659,translate.google.com,com,-1,-1,-1,-1
277,12,noaa.gov,gov,47413,94437,noaa.gov,gov,281,12,47532,94563
278,176,web.facebook.com,com,47312,117482,web.facebook.com,com,-1,-1,-1,-1
279,177,vice.com,com,47312,102787,vice.com,com,284,179,47417,102963
280,178,deviantart.com,com,47296,101685,deviantart.com,com,285,180,47337,101923
281,179,sharepoint.com,com,47234,80169,sharepoint.com,com,282,178,47483,80265
282,12,psu.edu,edu,47205,91481,psu.edu,edu,283,12,47418,91688
283,180,outlook.live.com,com,47191,105877,outlook.live.com,com,272,174,48317,107954
284,34,plos.org,org,47166,91373,plos.org,org,286,34,47224,91255
285,181,psychologytoday.com,com,47123,105264,psychologytoday.com,com,287,181,47197,105422
286,182,digg.com,com,47074,100985,digg.com,com,288,182,47150,101107
287,183,mashable.com,com,46974,97121,mashable.com,com,289,183,47141,97334
288,184,calendly.com,com,46961,104113,calendly.com,com,290,184,47015,104114
289,185,sohu.com,com,46874,124758,sohu.com,com,293,187,46878,124827
290,186,theconversation.com,com,46840,97468,theconversation.com,com,292,186,46943,97589
291,187,jimdo.com,com,46743,106790,jimdo.com,com,296,188,46826,106938
292,188,marketwatch.com,com,46735,98634,marketwatch.com,com,298,190,46777,98555
293,189,zdnet.com,com,46733,90388,zdnet.com,com,291,185,46979,90463
294,2,gouv.fr,fr,46650,104275,gouv.fr,fr,295,2,46828,104754
295,190,cisco.com,com,46650,80535,cisco.com,com,297,189,46806,80662
296,13,upenn.edu,edu,46641,90193,upenn.edu,edu,294,13,46857,90387
297,2,cbc.ca,ca,46626,103185,cbc.ca,ca,299,2,46775,103465
298,191,jotform.com,com,46609,93430,jotform.com,com,302,192,46708,93630
299,35,weforum.org,org,46570,90626,weforum.org,org,300,35,46743,90661
300,192,fortune.com,com,46557,95940,fortune.com,com,301,191,46708,96008
301,193,fandom.com,com,46474,101956,fandom.com,com,304,194,46600,102089
302,194,deloitte.com,com,46417,85721,deloitte.com,com,303,193,46681,85918
303,195,giphy.com,com,46355,98674,giphy.com,com,305,195,46395,98845
304,196,bmj.com,com,46034,91692,bmj.com,com,306,196,46169,91927
305,197,dribbble.com,com,46002,104050,dribbble.com,com,308,198,46012,104137
306,198,arcgis.com,com,45876,86478,arcgis.com,com,307,197,46038,86673
307,199,nypost.com,com,45874,101899,nypost.com,com,310,200,45878,101971
308,200,zendesk.com,com,45783,87340,zendesk.com,com,309,199,45879,87542
309,201,mckinsey.com,com,45513,86412,mckinsey.com,com,311,201,45731,86467
310,9,ox.ac.uk,uk,45366,85151,ox.ac.uk,uk,312,9,45534,85273
311,36,ieee.org,org,45334,81401,ieee.org,org,313,36,45451,81454
312,202,godaddy.com,com,45295,91786,godaddy.com,com,316,204,45236,91595
313,203,fastcompany.com,com,45185,91869,fastcompany.com,com,314,202,45355,92130
314,204,intel.com,com,45151,79368,intel.com,com,315,203,45292,79499
315,1,abc.net.au,au,45059,95009,abc.net.au,au,318,1,45136,95144
316,205,biomedcentral.com,com,45040,87063,biomedcentral.com,com,317,205,45198,87224
317,206,3.bp.blogspot.com,com,45017,99819,3.bp.blogspot.com,com,319,206,44908,99590
318,207,2.bp.blogspot.com,com,44987,99891,2.bp.blogspot.com,com,322,208,44832,99668
319,208,youronlinechoices.com,com,44839,124245,youronlinechoices.com,com,320,207,44903,124431
320,209,sun.com,com,44703,69089,sun.com,com,324,210,44807,69140
321,14,umn.edu,edu,44700,86147,umn.edu,edu,321,14,44854,86134
322,15,uci.edu,edu,44526,74604,uci.edu,edu,325,15,44707,74760
323,210,indeed.com,com,44522,92053,indeed.com,com,327,211,44575,92163
324,211,feedburner.com,com,44507,98614,feedburner.com,com,329,213,44544,98630
325,212,plesk.com,com,44506,117552,plesk.com,com,330,214,44476,117418
326,213,wpengine.com,com,44463,95754,wpengine.com,com,328,212,44547,96026
327,1,yandex.ru,ru,44423,128443,yandex.ru,ru,331,1,44457,128566
328,1,or.kr,kr,44348,87062,or.kr,kr,333,1,44422,87113
329,214,newyorker.com,com,44301,94589,newyorker.com,com,332,215,44429,94774
330,37,apa.org,org,44254,89315,apa.org,org,326,37,44684,90168
331,215,oreilly.com,com,44239,74838,oreilly.com,com,334,216,44319,74955
332,216,web.whatsapp.com,com,44199,115079,web.whatsapp.com,com,338,219,44058,114976
333,38,pewresearch.org,org,44055,91915,pewresearch.org,org,335,38,44225,92237
334,217,ubuntu.com,com,44043,74297,ubuntu.com,com,337,218,44075,74347
335,218,vox.com,com,43968,94139,vox.com,com,336,217,44126,94364
336,219,gofundme.com,com,43904,97014,gofundme.com,com,339,220,44005,97246
337,220,canva.com,com,43874,92945,canva.com,com,340,221,43976,93134
338,221,disqus.com,com,43641,88422,disqus.com,com,344,224,43691,88480
339,39,arxiv.org,org,43619,78350,arxiv.org,org,343,39,43720,78401
340,222,inc.com,com,43606,90675,inc.com,com,342,223,43735,90771
341,223,android.com,com,43578,80520,android.com,com,341,222,43749,80719
342,224,alibaba.com,com,43465,83320,alibaba.com,com,348,227,43541,83435
343,225,tripod.com,com,43434,83776,tripod.com,com,346,226,43562,83869
344,226,typeform.com,com,43392,83331,typeform.com,com,345,225,43597,83643
345,16,wisc.edu,edu,43338,81821,wisc.edu,edu,347,16,43562,81948
346,227,apnews.com,com,43299,94290,apnews.com,com,349,228,43416,94463
347,228,geocities.com,com,43251,81745,geocities.com,com,351,229,43354,81856
348,40,oecd.org,org,43212,78199,oecd.org,org,350,40,43398,78380
349,229,example.com,com,43201,78270,example.com,com,352,230,43282,78323
350,230,newsweek.com,com,43090,93815,newsweek.com,com,353,231,43221,93940
351,231,stumbleupon.com,com,43078,96800,stumbleupon.com,com,354,232,43088,96844
352,232,aliyun.com,com,43039,94563,aliyun.com,com,355,233,43018,94470
353,233,addthis.com,com,42766,81033,addthis.com,com,356,234,42873,81265
354,234,gizmodo.com,com,42316,87075,gizmodo.com,com,358,235,42455,87307
355,235,steampowered.com,com,42277,86959,steampowered.com,com,360,237,42357,87086
356,236,dell.com,com,42156,75409,dell.com,com,362,238,42327,75535
357,10,cam.ac.uk,uk,42154,76365,cam.ac.uk,uk,361,10,42348,76617
358,237,dev.mysql.com,com,42088,67246,dev.mysql.com,com,366,241,42089,67256
359,238,webs.com,com,42022,81097,webs.com,com,363,239,42174,81229
360,2,amazon.de,de,41987,106861,amazon.de,de,365,2,42127,107045
361,239,engadget.com,com,41984,84609,engadget.com,com,364,240,42158,84752
362,240,scientificamerican.com,com,41913,86405,scientificamerican.com,com,368,243,42063,86620
363,241,entrepreneur.com,com,41892,88196,entrepreneur.com,com,370,245,42016,88264
364,242,merriam-webster.com,com,41854,87891,merriam-webster.com,com,369,244,42028,88112
365,243,scholar.google.com,com,41852,79078,scholar.google.com,com,371,246,41948,79201
366,244,elsevier.com,com,41801,74533,elsevier.com,com,367,242,42076,74754
367,245,trustpilot.com,com,41648,92937,trustpilot.com,com,372,247,41767,93257
368,1,motosale.pl,pl,41583,75869,motosale.pl,pl,373,1,41717,75952
369,246,mdpi.com,com,41555,77236,mdpi.com,com,374,248,41686,77363
370,247,xing.com,com,41509,109732,xing.com,com,378,251,41499,109824
371,248,dw.com,com,41491,85362,dw.com,com,376,249,41580,85330
372,249,feeds.feedburner.com,com,41457,90857,feeds.feedburner.com,com,379,252,41469,90840
373,17,jhu.edu,edu,41429,78560,jhu.edu,edu,375,17,41582,78568
374,250,constantcontact.com,com,41408,88796,constantcontact.com,com,377,250,41532,88920
375,13,ftc.gov,gov,41287,84568,ftc.gov,gov,357,13,42771,87749
376,11,guardian.co.uk,uk,41269,80322,guardian.co.uk,uk,380,11,41436,80638
377,251,patreon.com,com,41217,93206,patreon.com,com,382,253,41376,93267
378,2,readthedocs.io,io,41160,66339,readthedocs.io,io,381,2,41407,66690
379,5,people.com.cn,cn,41114,128205,people.com.cn,cn,385,6,41107,128203
380,252,discord.com,com,41112,86953,discord.com,com,384,254,41166,87041
381,41,science.org,org,41074,79347,science.org,org,386,42,41083,79216
382,18,ucla.edu,edu,40908,77666,ucla.edu,edu,387,18,41076,77712
383,253,docker.com,com,40900,70234,docker.com,com,388,255,41004,70361
384,254,intuit.com,com,40887,88075,intuit.com,com,359,236,42454,92369
385,1,fb.watch,watch,40864,79738,fb.watch,watch,389,1,40988,79809
386,42,frontiersin.org,org,40771,79368,frontiersin.org,org,390,43,40852,79488
387,3,arnebrachhold.de,de,40730,98817,arnebrachhold.de,de,394,3,40604,98629
388,255,pexels.com,com,40713,88601,pexels.com,com,392,257,40827,88669
389,256,meetup.com,com,40674,80541,meetup.com,com,391,256,40845,80781
390,19,utexas.edu,edu,40460,76530,utexas.edu,edu,393,19,40632,76659
391,20,cmu.edu,edu,40430,72069,cmu.edu,edu,397,20,40550,72213
392,43,pnas.org,org,40421,77320,pnas.org,org,395,44,40603,77434
393,44,fao.org,org,40399,74213,fao.org,org,398,45,40510,74297
394,14,nps.gov,gov,40381,88638,nps.gov,gov,399,14,40486,88708
395,257,thelancet.com,com,40378,77793,thelancet.com,com,396,258,40566,78016
396,258,bilibili.com,com,40237,81793,bilibili.com,com,401,259,40198,81727
397,259,stripe.com,com,40144,83499,stripe.com,com,402,260,40163,83539
398,1,anchor.fm,fm,40093,82477,anchor.fm,fm,400,1,40198,82455
399,45,openstreetmap.org,org,40022,79667,openstreetmap.org,org,403,46,40151,79862
400,260,elegantthemes.com,com,39991,100982,elegantthemes.com,com,407,261,39949,101019
401,46,python.org,org,39964,67446,python.org,org,405,47,40015,67408
402,15,irs.gov,gov,39939,86413,irs.gov,gov,404,15,40055,86435
403,16,ed.gov,gov,39863,77648,ed.gov,gov,409,16,39901,77598
404,47,jigsaw.w3.org,org,39834,72651,jigsaw.w3.org,org,408,48,39933,72712
405,21,uchicago.edu,edu,39802,75300,uchicago.edu,edu,406,21,39976,75435
406,261,googleapis.com,com,39736,75231,googleapis.com,com,410,262,39839,75389
407,262,gitlab.com,com,39633,65313,gitlab.com,com,411,263,39735,65461
408,1,go.id,id,39565,83678,go.id,id,413,1,39632,83986
409,263,salesforce.com,com,39486,72392,salesforce.com,com,412,264,39725,72797
410,48,jstor.org,org,39373,75311,jstor.org,org,414,49,39480,75354
411,264,walmart.com,com,39349,86149,walmart.com,com,415,265,39437,86181
412,10,azurewebsites.net,net,39295,71731,azurewebsites.net,net,420,10,39233,71800
413,265,photobucket.com,com,39266,78932,photobucket.com,com,417,267,39302,79020
414,266,uk.com,com,39247,80275,uk.com,com,416,266,39303,80430
415,49,wiktionary.org,org,39191,80233,wiktionary.org,org,418,50,39257,80241
416,267,arstechnica.com,com,39130,76311,arstechnica.com,com,419,268,39254,76347
417,22,si.edu,edu,39091,76522,si.edu,edu,421,22,39175,76534
418,268,huawei.com,com,38874,68414,huawei.com,com,422,269,38949,68607
419,269,i1.wp.com,com,38746,95567,i1.wp.com,com,425,271,38770,95589
420,17,house.gov,gov,38701,80968,house.gov,gov,423,17,38844,81021
421,270,slate.com,com,38655,81108,slate.com,com,424,270,38815,81280
422,6,miitbeian.gov.cn,cn,38581,112603,miitbeian.gov.cn,cn,428,7,38584,112759
423,271,sfgate.com,com,38513,83747,sfgate.com,com,426,272,38610,83900
424,50,aboutcookies.org,org,38511,84480,aboutcookies.org,org,429,51,38484,84527
425,272,jamanetwork.com,com,38507,76437,jamanetwork.com,com,427,273,38606,76498
426,18,bls.gov,gov,38369,78909,bls.gov,gov,430,18,38458,78929
427,273,bizjournals.com,com,38268,79196,bizjournals.com,com,431,274,38401,79236
428,274,chicagotribune.com,com,38250,81037,chicagotribune.com,com,432,275,38391,81096
429,23,uiuc.edu,edu,38176,60312,uiuc.edu,edu,433,23,38300,60379
430,3,google.ca,ca,38130,82124,google.ca,ca,434,3,38206,82140
431,1,yahoo.co.jp,jp,38020,99122,yahoo.co.jp,jp,437,1,38073,99121
432,275,fc2.com,com,38011,93033,fc2.com,com,439,278,38032,93151
433,276,indiegogo.com,com,37970,78709,indiegogo.com,com,436,276,38093,78918
434,277,medicalnewstoday.com,com,37953,84779,medicalnewstoday.com,com,438,277,38035,84882
435,19,census.gov,gov,37918,76777,census.gov,gov,435,19,38114,76822
436,51,acs.org,org,37918,71754,acs.org,org,442,52,37993,71882
437,278,microsoftonline.com,com,37895,58794,microsoftonline.com,com,444,282,37820,58325
438,279,gartner.com,com,37864,67363,gartner.com,com,441,280,38006,67416
439,280,qz.com,com,37831,75391,qz.com,com,443,281,37989,75572
440,281,ikea.com,com,37816,76415,ikea.com,com,440,279,38022,76682
441,52,bbb.org,org,37779,87569,bbb.org,org,445,53,37811,87566
442,282,cdn.shopify.com,com,37588,71541,cdn.shopify.com,com,450,285,37312,71061
443,11,doubleclick.net,net,37500,72308,doubleclick.net,net,446,11,37555,72270
444,283,livescience.com,com,37333,77519,livescience.com,com,447,283,37456,77731
445,12,mirror.co.uk,uk,37288,80387,mirror.co.uk,uk,449,12,37372,80653
446,284,howstuffworks.com,com,37203,79104,howstuffworks.com,com,451,286,37289,79211
447,285,hilton.com,com,37160,69869,hilton.com,com,448,284,37383,70214
448,20,hhs.gov,gov,37052,74713,hhs.gov,gov,456,20,37066,74556
449,286,themeisle.com,com,37042,87853,themeisle.com,com,454,287,37075,87835
450,53,eff.org,org,37023,64354,eff.org,org,452,54,37223,64427
451,287,box.com,com,36934,67975,box.com,com,455,288,37068,67989
452,1,gob.mx,mx,36907,70088,gob.mx,mx,453,1,37084,70237
453,288,trello.com,com,36867,71311,trello.com,com,457,289,37003,71573
454,21,nist.gov,gov,36816,62026,nist.gov,gov,458,21,36958,62079
455,22,senate.gov,gov,36793,76572,senate.gov,gov,459,22,36929,76680
456,1,go.th,th,36765,73811,go.th,th,461,1,36812,73748
457,289,wikia.com,com,36676,71602,wikia.com,com,460,290,36846,71750
458,13,thesun.co.uk,uk,36641,77999,thesun.co.uk,uk,462,13,36734,78222
459,14,thetimes.co.uk,uk,36633,77433,thetimes.co.uk,uk,464,14,36683,77623
460,290,globenewswire.com,com,36614,73592,globenewswire.com,com,463,291,36691,73614
461,291,login.microsoftonline.com,com,36593,56233,login.microsoftonline.com,com,468,293,36492,55745
462,54,postgresql.org,org,36494,56269,postgresql.org,org,466,55,36593,56339
463,4,qc.ca,ca,36470,69635,qc.ca,ca,467,4,36576,69769
464,292,gotowebinar.com,com,36469,58393,gotowebinar.com,com,465,292,36601,58453
465,23,usgs.gov,gov,36359,69007,usgs.gov,gov,469,23,36445,69005
466,293,aliexpress.com,com,36300,70586,aliexpress.com,com,470,294,36344,70671
467,294,netscape.com,com,36143,56645,netscape.com,com,472,295,36245,56782
468,24,nyu.edu,edu,36096,66850,nyu.edu,edu,471,24,36301,66982
469,295,getpocket.com,com,36087,88046,getpocket.com,com,474,296,36078,88001
470,296,outlook.office.com,com,36073,80370,outlook.office.com,com,476,297,36046,80238
471,297,news.google.com,com,36007,77903,news.google.com,com,477,298,35984,77666
472,25,purdue.edu,edu,35975,65914,purdue.edu,edu,473,25,36128,66079
473,2,vkontakte.ru,ru,35935,74326,vkontakte.ru,ru,492,2,35655,73722
474,298,barnesandnoble.com,com,35896,79099,barnesandnoble.com,com,478,299,35982,79152
475,55,unicef.org,org,35892,66503,unicef.org,org,475,56,36074,66566
476,299,variety.com,com,35875,77162,variety.com,com,479,300,35973,77175
477,1,in.ua,ua,35843,71686,in.ua,ua,481,1,35912,71724
478,300,withgoogle.com,com,35816,65393,withgoogle.com,com,482,302,35909,65417
479,301,politico.com,com,35745,75240,politico.com,com,484,303,35807,75253
480,302,appspot.com,com,35742,65494,appspot.com,com,480,301,35926,65633
481,12,windows.net,net,35731,65344,windows.net,net,483,12,35862,65411
482,303,freepik.com,com,35704,72935,freepik.com,com,485,304,35756,72922
483,304,so.com,com,35682,119226,so.com,com,495,307,35559,119213
484,56,mitre.org,org,35673,55184,mitre.org,org,486,57,35748,55194
485,305,shutterstock.com,com,35647,74438,shutterstock.com,com,487,305,35719,74507
486,306,stackexchange.com,com,35615,66165,stackexchange.com,com,488,306,35706,66286
487,1,google.es,es,35581,83032,google.es,es,491,1,35676,83092
488,5,on.ca,ca,35581,70625,on.ca,ca,489,5,35685,70681
489,2,kiev.ua,ua,35563,69115,kiev.ua,ua,493,2,35609,69254
490,2,google.co.jp,jp,35491,108641,google.co.jp,jp,500,2,35500,108705
491,1,govt.nz,nz,35482,68063,govt.nz,nz,490,1,35679,68211
492,307,rollingstone.com,com,35415,75882,rollingstone.com,com,496,308,35546,75952
493,308,perfectdomain.com,com,35412,62660,perfectdomain.com,com,501,309,35485,62762
494,26,usc.edu,edu,35387,66600,usc.edu,edu,494,26,35576,66648
495,57,nejm.org,org,35377,66777,nejm.org,org,497,58,35539,66921
496,2,smh.com.au,au,35347,71458,smh.com.au,au,498,2,35534,71650
497,58,coursera.org,org,35345,63994,coursera.org,org,499,59,35506,64089
498,309,nvidia.com,com,35343,63329,nvidia.com,com,503,310,35421,63413
499,24,sec.gov,gov,35320,69446,sec.gov,gov,502,24,35442,69440
500,310,jd.com,com,35267,68332,jd.com,com,515,318,35051,67625
501,311,aljazeera.com,com,35255,72666,aljazeera.com,com,504,311,35370,72731
502,312,elpais.com,com,35253,75146,elpais.com,com,506,313,35368,75241
503,313,googleblog.com,com,35252,65951,googleblog.com,com,508,314,35332,65878
504,4,spiegel.de,de,35244,76086,spiegel.de,de,509,4,35308,76222
505,2,itu.int,int,35225,55459,itu.int,int,507,2,35336,55493
506,314,teamviewer.com,com,35166,62102,teamviewer.com,com,505,312,35369,62331
507,3,google.fr,fr,35056,73472,google.fr,fr,510,3,35189,73726
508,315,matterport.com,com,35024,64638,matterport.com,com,516,319,35016,64633
509,316,w3schools.com,com,35024,62404,w3schools.com,com,511,315,35161,62511
510,317,slack.com,com,35022,63173,slack.com,com,513,317,35113,63317
511,15,www.nhs.uk,uk,34992,77853,www.nhs.uk,uk,514,15,35052,78046
512,318,pcmag.com,com,34986,68555,pcmag.com,com,512,316,35153,68623
513,319,techtarget.com,com,34898,65449,techtarget.com,com,517,320,34989,65418
514,320,force.com,com,34882,62202,force.com,com,518,321,34983,62276
515,321,venturebeat.com,com,34845,66901,venturebeat.com,com,519,322,34904,67012
516,59,kernel.org,org,34842,54394,kernel.org,org,520,60,34871,54375
517,6,m.me,me,34752,79733,m.me,me,523,6,34764,79743
518,322,rt.com,com,34719,68185,rt.com,com,521,323,34867,68239
519,60,altervista.org,org,34701,67073,altervista.org,org,522,61,34779,67200
520,6,pinterest.ca,ca,34654,84566,pinterest.ca,ca,703,11,28997,70076
521,323,espn.com,com,34405,73642,espn.com,com,525,325,34442,73496
522,324,ssrn.com,com,34294,63364,ssrn.com,com,524,324,34500,63436
523,325,airbnb.com,com,34270,70297,airbnb.com,com,526,326,34340,70295
524,3,amazon.co.jp,jp,34253,84672,amazon.co.jp,jp,527,3,34328,84633
525,7,canada.ca,ca,34210,71427,canada.ca,ca,528,6,34295,71275
526,326,vmware.com,com,34210,55370,vmware.com,com,530,327,34263,55446
527,8,ilias.ca,ca,34168,57850,ilias.ca,ca,531,7,34251,57917
528,61,cookiedatabase.org,org,34163,90736,cookiedatabase.org,org,537,62,34103,90500
529,27,duke.edu,edu,34089,61691,duke.edu,edu,529,27,34277,61770
530,1,google.it,it,34060,73224,google.it,it,532,1,34216,73404
531,1,admin.ch,ch,34059,64460,admin.ch,ch,535,1,34208,64626
532,327,evernote.com,com,34050,67431,evernote.com,com,534,329,34210,67627
533,328,history.com,com,34030,70870,history.com,com,536,330,34180,70975
534,329,getbootstrap.com,com,34012,58845,getbootstrap.com,com,533,328,34211,59217
535,330,mystrikingly.com,com,34005,67247,mystrikingly.com,com,542,332,34032,67325
536,13,earthlink.net,net,33954,55565,earthlink.net,net,539,13,34076,55648
537,331,newscientist.com,com,33953,63977,newscientist.com,com,538,331,34081,64117
538,332,naver.com,com,33927,72244,naver.com,com,543,333,34006,72494
539,62,acm.org,org,33927,57957,acm.org,org,540,63,34070,58046
540,333,thoughtco.com,com,33914,66866,thoughtco.com,com,546,334,33931,66946
541,28,ucsd.edu,edu,33889,61223,ucsd.edu,edu,541,28,34039,61331
542,63,openssl.org,org,33844,49394,openssl.org,org,548,64,33869,49402
543,29,ufl.edu,edu,33830,61673,ufl.edu,edu,544,29,33977,61784
544,2,cutt.ly,ly,33806,67721,cutt.ly,ly,547,2,33894,67820
545,30,unc.edu,edu,33767,61074,unc.edu,edu,545,30,33942,61103
546,31,msu.edu,edu,33681,62021,msu.edu,edu,550,31,33830,62064
547,7,chinadaily.com.cn,cn,33660,69507,chinadaily.com.cn,cn,549,8,33836,69559
548,25,ny.gov,gov,33653,71109,ny.gov,gov,551,25,33767,71182
549,334,proofpoint.com,com,33634,59672,proofpoint.com,com,557,338,33567,59510
550,16,service.gov.uk,uk,33594,72149,service.gov.uk,uk,552,16,33655,72212
551,26,archives.gov,gov,33570,65111,archives.gov,gov,555,26,33599,65106
552,335,mediafire.com,com,33553,70934,mediafire.com,com,556,337,33577,71004
553,336,substack.com,com,33549,70810,substack.com,com,553,335,33654,70844
554,337,bitnami.com,com,33549,46409,bitnami.com,com,554,336,33612,46417
555,338,sky.com,com,33462,67355,sky.com,com,558,339,33558,67509
556,339,enable-javascript.com,com,33436,58883,enable-javascript.com,com,561,341,33470,58928
557,340,scmp.com,com,33385,65500,scmp.com,com,559,340,33539,65638
558,32,umd.edu,edu,33373,59464,umd.edu,edu,560,32,33512,59441
559,341,timeanddate.com,com,33360,61585,timeanddate.com,com,562,342,33443,61717
560,17,express.co.uk,uk,33297,69254,express.co.uk,uk,563,17,33385,69438
561,342,hollywoodreporter.com,com,33175,70098,hollywoodreporter.com,com,564,343,33237,70235
562,64,slashdot.org,org,33149,60814,slashdot.org,org,567,66,33174,60947
563,65,freebsd.org,org,33132,50033,freebsd.org,org,566,65,33185,50043
564,343,gallup.com,com,33125,65185,gallup.com,com,565,344,33212,65239
565,66,moodle.org,org,33066,51975,moodle.org,org,568,67,33165,52104
566,344,theglobeandmail.com,com,33021,66702,theglobeandmail.com,com,570,345,33141,66770
567,33,illinois.edu,edu,33019,60561,illinois.edu,edu,569,33,33149,60491
568,345,thehill.com,com,32962,69091,thehill.com,com,571,346,33117,69118
569,67,trinitycoatesville.org,org,32909,86928,trinitycoatesville.org,org,577,69,32853,86691
570,346,nydailynews.com,com,32908,67846,nydailynews.com,com,572,347,33056,67936
571,347,mixcloud.com,com,32892,66138,mixcloud.com,com,574,349,32947,66314
572,68,iana.org,org,32819,50125,iana.org,org,576,68,32867,50091
573,348,pwc.com,com,32813,58160,pwc.com,com,573,348,33055,58261
574,27,justice.gov,gov,32764,67448,justice.gov,gov,575,27,32892,67447
575,34,northwestern.edu,edu,32617,60282,northwestern.edu,edu,578,34,32713,60274
576,69,drupal.org,org,32567,54057,drupal.org,org,580,70,32607,54090
577,349,cbslocal.com,com,32469,67468,cbslocal.com,com,579,350,32676,67697
578,350,dictionary.com,com,32458,66759,dictionary.com,com,581,351,32536,66818
579,351,siemens.com,com,32372,52990,siemens.com,com,584,354,32434,52937
580,4,hatena.ne.jp,jp,32367,78841,hatena.ne.jp,jp,588,4,32316,78827
581,3,ok.ru,ru,32365,82660,ok.ru,ru,585,3,32382,82613
582,352,ning.com,com,32354,59292,ning.com,com,583,353,32435,59412
583,353,today.com,com,32332,67793,today.com,com,586,355,32382,67849
584,354,smithsonianmag.com,com,32307,65305,smithsonianmag.com,com,582,352,32473,65483
585,355,chron.com,com,32299,65842,chron.com,com,587,356,32347,65881
586,356,parallels.com,com,32229,66878,parallels.com,com,592,357,32226,66897
587,3,vic.gov.au,au,32186,66443,vic.gov.au,au,590,3,32291,66591
588,18,blogspot.co.uk,uk,32179,66720,blogspot.co.uk,uk,591,18,32241,66881
589,35,ucdavis.edu,edu,32132,59321,ucdavis.edu,edu,589,35,32294,59417
590,28,dot.gov,gov,32055,61811,dot.gov,gov,596,28,32060,61794
591,70,apachefriends.org,org,32037,51556,apachefriends.org,org,597,71,32020,51527
592,36,arizona.edu,edu,32023,58712,arizona.edu,edu,594,36,32170,58790
593,357,techradar.com,com,32018,61814,techradar.com,com,595,358,32143,62000
594,358,zhihu.com,com,32017,54208,zhihu.com,com,600,360,31957,54127
595,9,utoronto.ca,ca,32016,56172,utoronto.ca,ca,593,8,32198,56320
596,8,www.gov.cn,cn,32010,94846,www.gov.cn,cn,599,9,32005,94845
597,359,fool.com,com,31914,66674,fool.com,com,598,359,32008,66600
598,29,privacyshield.gov,gov,31836,84792,privacyshield.gov,gov,601,29,31901,84870
599,5,sakura.ne.jp,jp,31828,73519,sakura.ne.jp,jp,603,5,31858,73545
600,360,dropcatch.com,com,31815,56760,dropcatch.com,com,609,363,31704,56589
601,30,congress.gov,gov,31775,64552,congress.gov,gov,604,30,31853,64512
602,71,phys.org,org,31754,58983,phys.org,org,602,72,31884,59136
603,19,ico.org.uk,uk,31730,73767,ico.org.uk,uk,608,19,31744,73728
604,7,about.me,me,31712,61138,about.me,me,605,7,31835,61324
605,72,thenai.org,org,31666,68228,thenai.org,org,611,73,31570,68057
606,361,atlassian.com,com,31663,50816,atlassian.com,com,606,361,31790,50918
607,362,lifehacker.com,com,31661,62901,lifehacker.com,com,607,362,31766,63073
608,363,amazon-adsystem.com,com,31528,89276,amazon-adsystem.com,com,613,366,31517,89259
609,364,weather.com,com,31528,58869,weather.com,com,612,365,31524,58866
610,365,lww.com,com,31483,59075,lww.com,com,610,364,31647,59255
611,20,metro.co.uk,uk,31470,65545,metro.co.uk,uk,614,20,31514,65695
612,366,us.com,com,31424,59472,us.com,com,615,367,31506,59590
613,367,nike.com,com,31340,60189,nike.com,com,616,368,31492,60359
614,368,support.plesk.com,com,31315,73827,support.plesk.com,com,-1,-1,-1,-1
615,369,udemy.com,com,31293,63270,udemy.com,com,620,369,31324,63352
616,370,instructables.com,com,31266,59481,instructables.com,com,621,370,31320,59575
617,31,fcc.gov,gov,31239,58756,fcc.gov,gov,618,31,31338,58800
618,37,asu.edu,edu,31230,60497,asu.edu,edu,619,37,31325,60391
619,371,woocommerce.com,com,31219,67992,woocommerce.com,com,673,396,29897,64428
620,372,euronews.com,com,31202,60908,euronews.com,com,623,372,31277,61020
621,373,bigcartel.com,com,31200,62084,bigcartel.com,com,622,371,31292,62363
622,4,news.com.au,au,31150,61602,news.com.au,au,617,4,31356,61846
623,374,technologyreview.com,com,31096,56626,technologyreview.com,com,624,373,31266,56811
624,32,energy.gov,gov,31082,60394,energy.gov,gov,625,32,31186,60495
625,375,nymag.com,com,30988,64612,nymag.com,com,627,375,31064,64626
626,376,nikkei.com,com,30926,66949,nikkei.com,com,628,376,31039,66986
627,38,colorado.edu,edu,30888,54543,colorado.edu,edu,631,38,30933,54519
628,377,webex.com,com,30877,48001,webex.com,com,629,377,30985,48043
629,378,thedailybeast.com,com,30873,64146,thedailybeast.com,com,630,378,30978,64249
630,73,icann.org,org,30845,52022,icann.org,org,634,75,30785,51840
631,379,java.com,com,30826,46827,java.com,com,632,379,30904,46874
632,380,podcasts.google.com,com,30794,61044,podcasts.google.com,com,-1,-1,-1,-1
633,74,joomla.org,org,30761,56597,joomla.org,org,633,74,30791,56690
634,381,angelfire.com,com,30665,55954,angelfire.com,com,640,383,30684,55969
635,382,mozilla.com,com,30664,50561,mozilla.com,com,636,381,30751,50722
636,383,libsyn.com,com,30651,63896,libsyn.com,com,635,380,30764,63944
637,2,go.kr,kr,30600,59585,go.kr,kr,642,2,30651,59677
638,4,lemonde.fr,fr,30598,59199,lemonde.fr,fr,638,4,30716,59394
639,14,fbcdn.net,net,30585,55561,fbcdn.net,net,643,14,30641,55672
640,384,marketingplatform.google.com,com,30579,65130,marketingplatform.google.com,com,639,382,30709,65383
641,75,cancer.org,org,30553,59544,cancer.org,org,644,77,30624,59619
642,385,digitaltrends.com,com,30526,58931,digitaltrends.com,com,647,384,30564,58968
643,39,brookings.edu,edu,30523,59626,brookings.edu,edu,641,39,30667,59560
644,76,dmoz.org,org,30504,46701,dmoz.org,org,646,78,30567,46730
645,33,usa.gov,gov,30472,60399,usa.gov,gov,645,33,30591,60586
646,386,jquery.com,com,30466,48266,jquery.com,com,650,386,30510,48285
647,77,imf.org,org,30461,55379,imf.org,org,637,76,30720,55457
648,387,snapchat.com,com,30460,61259,snapchat.com,com,651,387,30463,61222
649,388,qualtrics.com,com,30456,52128,qualtrics.com,com,649,385,30540,52145
650,40,rutgers.edu,edu,30389,54881,rutgers.edu,edu,648,40,30552,54990
651,78,kde.org,org,30372,48610,kde.org,org,653,79,30439,48675
652,389,automattic.com,com,30367,76683,automattic.com,com,654,388,30404,76777
653,390,office365.com,com,30333,48203,office365.com,com,658,390,30311,48024
654,9,miibeian.gov.cn,cn,30287,68980,miibeian.gov.cn,cn,659,10,30310,69141
655,5,bund.de,de,30278,90102,bund.de,de,655,5,30392,90297
656,10,ubc.ca,ca,30228,53539,ubc.ca,ca,656,9,30349,53586
657,391,ign.com,com,30220,60651,ign.com,com,657,389,30336,60712
658,41,virginia.edu,edu,30196,54157,virginia.edu,edu,652,41,30448,54379
659,392,playstation.com,com,30151,60580,playstation.com,com,660,391,30255,60610
660,393,boston.com,com,30105,58465,boston.com,com,661,392,30220,58540
661,34,uspto.gov,gov,30089,53439,uspto.gov,gov,662,34,30207,53482
662,79,perl.org,org,30078,44325,perl.org,org,664,80,30116,44347
663,42,osu.edu,edu,30038,55068,osu.edu,edu,663,42,30197,55126
664,394,moz.com,com,29951,59377,moz.com,com,668,394,30023,59443
665,395,prezi.com,com,29933,50891,prezi.com,com,666,393,30073,51054
666,35,fbi.gov,gov,29923,57028,fbi.gov,gov,667,35,30063,57126
667,2,imageshack.us,us,29912,53571,imageshack.us,us,672,2,29963,53623
668,36,treasury.gov,gov,29873,57178,treasury.gov,gov,671,36,29964,57178
669,396,target.com,com,29863,64763,target.com,com,670,395,29965,64820
670,21,ucl.ac.uk,uk,29855,51782,ucl.ac.uk,uk,669,22,29987,51960
671,397,tmall.com,com,29835,57703,tmall.com,com,675,397,29868,57735
672,80,fedoraproject.org,org,29830,45391,fedoraproject.org,org,676,82,29837,45386
673,81,faqs.org,org,29825,45399,faqs.org,org,674,81,29881,45413
674,398,verisign.com,com,29753,44388,verisign.com,com,677,398,29806,44340
675,399,people.com,com,29743,63103,people.com,com,679,400,29729,63177
676,400,nasdaq.com,com,29618,55871,nasdaq.com,com,678,399,29743,55844
677,11,bc.ca,ca,29598,56661,bc.ca,ca,680,10,29698,56786
678,401,foursquare.com,com,29563,56476,foursquare.com,com,682,402,29594,56518
679,37,medlineplus.gov,gov,29546,59654,medlineplus.gov,gov,691,38,29285,59047
680,1,google.co.in,in,29491,62285,google.co.in,in,683,1,29560,62282
681,402,theregister.com,com,29489,52399,theregister.com,com,681,401,29607,52513
682,403,thefreedictionary.com,com,29460,58770,thefreedictionary.com,com,684,403,29525,58795
683,1,telegra.ph,ph,29453,63171,telegra.ph,ph,685,1,29516,63255
684,5,nsw.gov.au,au,29377,59030,nsw.gov.au,au,686,5,29512,59072
685,38,wa.gov,gov,29374,57956,wa.gov,gov,687,37,29443,57866
686,43,bu.edu,edu,29284,52750,bu.edu,edu,688,43,29402,52858
687,404,uber.com,com,29255,55862,uber.com,com,689,404,29345,55921
688,405,steamcommunity.com,com,29235,55067,steamcommunity.com,com,694,406,29244,55176
689,406,zend.com,com,29209,44255,zend.com,com,697,409,29209,44252
690,82,gutenberg.org,org,29182,51999,gutenberg.org,org,692,83,29263,52098
691,407,wufoo.com,com,29153,54938,wufoo.com,com,695,407,29214,54997
692,408,microfocus.com,com,29146,44520,microfocus.com,com,696,408,29211,44565
693,3,ow.ly,ly,29135,50223,ow.ly,ly,690,3,29345,50430
694,409,prweb.com,com,29086,54718,prweb.com,com,698,410,29153,54804
695,410,herokuapp.com,com,29064,52745,herokuapp.com,com,693,405,29247,52973
696,4,mail.ru,ru,29015,66610,mail.ru,ru,701,4,29035,66604
697,2,lnkd.in,in,28935,47705,lnkd.in,in,699,2,29146,47908
698,411,over-blog.com,com,28926,54209,over-blog.com,com,705,413,28982,54319
699,412,twimg.com,com,28895,54841,twimg.com,com,702,412,28999,54941
700,413,schneier.com,com,28889,44586,schneier.com,com,706,414,28940,44599
701,6,rakuten.co.jp,jp,28859,70506,rakuten.co.jp,jp,709,6,28880,70584
702,44,tamu.edu,edu,28840,51430,tamu.edu,edu,704,44,28997,51480
703,414,cell.com,com,28834,52277,cell.com,com,708,415,28886,52360
704,1,army.mil,mil,28814,53559,army.mil,mil,710,1,28878,53566
705,39,va.gov,gov,28795,56385,va.gov,gov,707,39,28916,56472
706,415,podbean.com,com,28789,56629,podbean.com,com,700,411,29040,56805
707,83,khanacademy.org,org,28775,51369,khanacademy.org,org,711,84,28815,51431
708,416,urbandictionary.com,com,28731,56387,urbandictionary.com,com,713,417,28784,56512
709,84,letsencrypt.org,org,28723,43634,letsencrypt.org,org,718,86,28683,43587
710,417,sap.com,com,28708,48275,sap.com,com,712,416,28803,48340
711,85,opensource.org,org,28661,46280,opensource.org,org,714,85,28781,46448
712,418,att.com,com,28646,50986,att.com,com,716,419,28749,51114
713,419,insider.com,com,28621,61562,insider.com,com,719,421,28617,61559
714,86,heart.org,org,28552,55088,heart.org,org,723,87,28564,54962
715,40,dol.gov,gov,28541,55731,dol.gov,gov,722,40,28584,55788
716,420,accenture.com,com,28503,49236,accenture.com,com,715,418,28768,49522
717,421,yolasite.com,com,28486,52693,yolasite.com,com,720,422,28590,52772
718,12,amazon.ca,ca,28423,59592,amazon.ca,ca,724,12,28464,59658
719,1,is.gd,gd,28340,51554,is.gd,gd,725,1,28444,51623
720,422,digital.com,com,28326,43150,digital.com,com,726,424,28419,43235
721,423,duckduckgo.com,com,28308,50700,duckduckgo.com,com,721,423,28589,51143
722,2,g.co,co,28243,54466,g.co,co,729,2,28304,54525
723,41,dhs.gov,gov,28222,52030,dhs.gov,gov,728,41,28349,52048
724,424,fiverr.com,com,28182,61452,fiverr.com,com,735,429,28175,61455
725,425,cctv.com,com,28151,75001,cctv.com,com,734,428,28182,75040
726,426,mlb.com,com,28126,55734,mlb.com,com,731,426,28258,55759
727,427,salon.com,com,28118,55870,salon.com,com,732,427,28247,56007
728,8,paypal.me,me,28108,56663,paypal.me,me,733,8,28196,56698
729,428,ey.com,com,28090,47340,ey.com,com,730,425,28259,47493
730,87,cpan.org,org,28042,41303,cpan.org,org,736,88,28144,41410
731,10,google.cn,cn,27979,48861,google.cn,cn,740,11,28010,48909
732,88,semanticscholar.org,org,27975,49163,semanticscholar.org,org,737,89,28118,49327
733,429,novell.com,com,27960,41809,novell.com,com,741,431,28009,41852
734,430,cpanel.com,com,27958,66202,cpanel.com,com,749,437,27793,65944
735,1,uol.com.br,br,27944,60001,uol.com.br,br,739,1,28035,60050
736,431,medscape.com,com,27944,51614,medscape.com,com,742,432,27998,51553
737,42,usembassy.gov,gov,27921,51879,usembassy.gov,gov,744,42,27981,51799
738,432,lenovo.com,com,27901,49695,lenovo.com,com,743,433,27987,49857
739,433,mapquest.com,com,27862,53557,mapquest.com,com,747,435,27856,53583
740,434,ndtv.com,com,27799,57871,ndtv.com,com,746,434,27871,57955
741,435,houzz.com,com,27790,57904,houzz.com,com,753,439,27763,57843
742,1,blog.google,google,27770,52793,blog.google,google,727,1,28395,53797
743,436,themegrill.com,com,27753,65382,themegrill.com,com,757,441,27733,65342
744,45,wustl.edu,edu,27742,48086,wustl.edu,edu,745,45,27954,48214
745,6,google.com.au,au,27698,55762,google.com.au,au,751,6,27770,55724
746,437,gamespot.com,com,27671,54296,gamespot.com,com,754,440,27756,54261
747,438,thenextweb.com,com,27665,50164,thenextweb.com,com,758,442,27730,50264
748,439,thebalancemoney.com,com,27651,56421,thebalancemoney.com,com,760,443,27707,56436
749,15,rs6.net,net,27650,54407,rs6.net,net,756,15,27739,54442
750,440,lonelyplanet.com,com,27644,51376,lonelyplanet.com,com,748,436,27850,51581
751,89,eurekalert.org,org,27632,50824,eurekalert.org,org,759,91,27718,50865
752,90,undp.org,org,27625,47542,undp.org,org,755,90,27745,47595
753,441,hootsuite.com,com,27611,53355,hootsuite.com,com,752,438,27767,53507
754,91,consumerreports.org,org,27593,56055,consumerreports.org,org,762,92,27645,56100
755,2,gob.es,es,27579,57385,gob.es,es,766,2,27585,57409
756,442,adweek.com,com,27559,51654,adweek.com,com,761,444,27667,51768
757,443,crunchbase.com,com,27554,55224,crunchbase.com,com,763,445,27638,55239
758,444,bostonglobe.com,com,27540,55126,bostonglobe.com,com,738,430,28061,56017
759,1,web.dev,dev,27540,51849,web.dev,dev,750,1,27779,52193
760,445,vanityfair.com,com,27539,56474,vanityfair.com,com,765,447,27592,56506
761,446,cygwin.com,com,27538,40749,cygwin.com,com,768,449,27580,40762
762,447,fifa.com,com,27511,52180,fifa.com,com,764,446,27612,52219
763,448,vogue.com,com,27473,56053,vogue.com,com,767,448,27580,56146
764,449,liveabout.com,com,27446,53035,liveabout.com,com,779,454,27416,52952
765,1,haxx.se,se,27440,40722,haxx.se,se,774,1,27448,40757
766,450,nba.com,com,27439,51677,nba.com,com,769,450,27577,51739
767,451,500px.com,com,27420,52728,500px.com,com,771,451,27476,52832
768,22,aol.co.uk,uk,27407,42051,aol.co.uk,uk,665,21,30113,46626
769,43,cancer.gov,gov,27368,50545,cancer.gov,gov,770,43,27497,50593
770,92,ilo.org,org,27350,46089,ilo.org,org,775,93,27435,46057
771,46,ncsu.edu,edu,27333,48330,ncsu.edu,edu,776,46,27429,48426
772,452,thestar.com,com,27331,54364,thestar.com,com,772,452,27471,54526
773,2,ethz.ch,ch,27311,45160,ethz.ch,ch,773,2,27450,45224
774,3,flic.kr,kr,27307,48022,flic.kr,kr,778,3,27424,48098
775,44,texas.gov,gov,27303,55580,texas.gov,gov,787,45,27271,55345
776,453,gmail.com,com,27303,48537,gmail.com,com,777,453,27428,48644
777,454,tencent.com,com,27273,47601,tencent.com,com,786,459,27272,47618
778,455,globo.com,com,27259,59970,globo.com,com,781,456,27360,60012
779,456,autodesk.com,com,27252,45794,autodesk.com,com,788,460,27258,45731
780,45,nyc.gov,gov,27221,53571,nyc.gov,gov,782,44,27317,53609
781,457,voanews.com,com,27207,51823,voanews.com,com,785,458,27293,51866
782,458,ea.com,com,27188,51767,ea.com,com,780,455,27413,52000
783,459,livestream.com,com,27164,46607,livestream.com,com,784,457,27296,46709
784,3,coe.int,int,27136,47011,coe.int,int,789,3,27254,47128
785,460,symantec.com,com,27121,42476,symantec.com,com,790,461,27240,42648
786,93,greenpeace.org,org,27120,47804,greenpeace.org,org,783,94,27304,48017
787,2,curl.se,se,27078,40239,curl.se,se,791,2,27192,40442
788,3,icio.us,us,27042,49349,icio.us,us,793,3,27094,49463
789,94,iop.org,org,27028,45613,iop.org,org,792,95,27178,45734
790,9,wp.me,me,27003,58599,wp.me,me,795,9,27056,58593
791,95,aarp.org,org,26976,53730,aarp.org,org,794,96,27061,53771
792,5,spb.ru,ru,26897,50960,spb.ru,ru,802,5,26900,50923
793,96,clevelandclinic.org,org,26888,56710,clevelandclinic.org,org,803,97,26895,56661
794,461,xbox.com,com,26866,51319,xbox.com,com,799,463,26972,51470
795,47,indiana.edu,edu,26865,44815,indiana.edu,edu,796,47,27034,45024
796,23,eventbrite.co.uk,uk,26857,54769,eventbrite.co.uk,uk,800,23,26951,54941
797,16,r20.rs6.net,net,26843,52468,r20.rs6.net,net,-1,-1,-1,-1
798,462,discovery.com,com,26838,48054,discovery.com,com,797,462,26990,48157
799,48,georgetown.edu,edu,26829,47968,georgetown.edu,edu,798,48,26988,48059
800,49,utah.edu,edu,26809,46805,utah.edu,edu,801,49,26923,46746
801,463,1688.com,com,26800,57455,1688.com,com,811,468,26769,57448
802,464,garmin.com,com,26765,47842,garmin.com,com,805,465,26857,47880
803,465,zoho.com,com,26763,49409,zoho.com,com,806,466,26849,49415
804,4,del.icio.us,us,26757,48721,del.icio.us,us,810,4,26807,48846
805,466,iheart.com,com,26747,54080,iheart.com,com,808,467,26825,54065
806,2,last.fm,fm,26741,48974,last.fm,fm,807,2,26830,49002
807,467,nokia.com,com,26722,44040,nokia.com,com,804,464,26873,44162
808,24,ebay.co.uk,uk,26706,50804,ebay.co.uk,uk,812,24,26743,50897
809,50,pitt.edu,edu,26653,45473,pitt.edu,edu,809,50,26820,45540
810,468,pcworld.com,com,26620,47072,pcworld.com,com,814,469,26720,47161
811,469,computerworld.com,com,26591,45912,computerworld.com,com,816,470,26637,45884
812,2,navy.mil,mil,26575,46944,navy.mil,mil,813,2,26723,47065
813,6,google.ru,ru,26567,52233,google.ru,ru,818,6,26599,52211
814,46,sba.gov,gov,26560,52805,sba.gov,gov,819,46,26598,52819
815,470,mercurynews.com,com,26557,52574,mercurynews.com,com,817,471,26629,52669
816,97,bitbucket.org,org,26521,41253,bitbucket.org,org,815,98,26650,41320
817,471,glassdoor.com,com,26478,50109,glassdoor.com,com,824,474,26546,50105
818,472,france24.com,com,26476,51416,france24.com,com,820,472,26586,51475
819,2,ustream.tv,tv,26455,47129,ustream.tv,tv,821,2,26586,47266
820,473,git-scm.com,com,26453,40874,git-scm.com,com,826,476,26483,40876
821,474,hyatt.com,com,26448,47156,hyatt.com,com,822,473,26581,47322
822,5,amazon.fr,fr,26404,51192,amazon.fr,fr,823,5,26566,51519
823,475,jimdofree.com,com,26402,57343,jimdofree.com,com,825,475,26488,57492
824,476,pastebin.com,com,26379,47284,pastebin.com,com,829,477,26415,47297
825,477,seekingalpha.com,com,26359,52150,seekingalpha.com,com,831,479,26404,52202
826,478,netdna-ssl.com,com,26357,48648,netdna-ssl.com,com,832,480,26402,48631
827,2,youronlinechoices.eu,eu,26325,55416,youronlinechoices.eu,eu,839,3,26324,55409
828,479,usps.com,com,26320,49212,usps.com,com,838,484,26336,49285
829,480,irishtimes.com,com,26307,50484,irishtimes.com,com,837,483,26346,50440
830,51,tufts.edu,edu,26298,46607,tufts.edu,edu,834,52,26381,46643
831,481,billboard.com,com,26290,53217,billboard.com,com,830,478,26413,53241
832,13,globalnews.ca,ca,26282,53631,globalnews.ca,ca,835,13,26363,53742
833,52,ucsb.edu,edu,26252,46397,ucsb.edu,edu,828,51,26430,46492
834,482,verizon.com,com,26247,48922,verizon.com,com,833,481,26389,49029
835,483,mi.com,com,26239,44879,mi.com,com,844,486,26212,44811
836,98,nobelprize.org,org,26233,45206,nobelprize.org,org,827,99,26438,45309
837,484,jpost.com,com,26227,51098,jpost.com,com,836,482,26346,51086
838,99,craigslist.org,org,26205,49975,craigslist.org,org,842,100,26262,50011
839,485,com.com,com,26204,44274,com.com,com,843,485,26247,44374
840,25,huffingtonpost.co.uk,uk,26193,50858,huffingtonpost.co.uk,uk,840,25,26297,50886
841,26,ed.ac.uk,uk,26191,43234,ed.ac.uk,uk,841,26,26293,43356
842,486,cosmopolitan.com,com,26117,52144,cosmopolitan.com,com,848,489,26147,52102
843,487,auctollo.com,com,26087,62488,auctollo.com,com,852,493,26057,62447
844,488,asus.com,com,26087,46783,asus.com,com,845,487,26206,46842
845,489,seattletimes.com,com,26080,52260,seattletimes.com,com,850,491,26126,52321
846,490,lego.com,com,26080,46441,lego.com,com,849,490,26139,46581
847,491,ihg.com,com,26058,44277,ihg.com,com,846,488,26189,44371
848,1,google.nl,nl,26048,57151,google.nl,nl,847,1,26173,57266
849,492,esquire.com,com,26029,50841,esquire.com,com,854,494,26025,50807
850,100,openldap.org,org,25952,36794,openldap.org,org,860,102,25952,36791
851,493,accuweather.com,com,25936,47075,accuweather.com,com,862,498,25940,47053
852,1,gob.ar,ar,25929,49180,gob.ar,ar,865,1,25855,49076
853,6,ccc.de,de,25919,41154,ccc.de,de,863,6,25921,41162
854,494,businessweek.com,com,25918,44803,businessweek.com,com,851,492,26066,44966
855,27,standard.co.uk,uk,25907,52357,standard.co.uk,uk,856,27,26014,52440
856,6,lefigaro.fr,fr,25901,49062,lefigaro.fr,fr,853,6,26053,49302
857,101,hrw.org,org,25897,49260,hrw.org,org,855,101,26024,49261
858,495,wunderground.com,com,25888,45233,wunderground.com,com,858,496,25975,45257
859,496,verywellmind.com,com,25862,52135,verywellmind.com,com,867,500,25848,52086
860,497,americanexpress.com,com,25860,48415,americanexpress.com,com,861,497,25947,48440
861,53,hawaii.edu,edu,25791,44048,hawaii.edu,edu,864,53,25917,44110
862,498,patch.com,com,25786,53014,patch.com,com,866,499,25854,53045
863,499,istockphoto.com,com,25783,49519,istockphoto.com,com,857,495,26004,49932
864,3,ipcc.ch,ch,25783,44856,ipcc.ch,ch,859,3,25974,44905
865,500,douban.com,com,25751,47814,douban.com,com,870,502,25768,47777
866,28,rizandmicamake.co.uk,uk,25741,43779,rizandmicamake.co.uk,uk,884,28,25432,43096
867,501,alexa.com,com,25720,44558,alexa.com,com,868,501,25837,44608
868,102,oxfordjournals.org,org,25704,41508,oxfordjournals.org,org,869,103,25815,41596
869,54,unl.edu,edu,25672,45401,unl.edu,edu,872,54,25730,45320
870,502,colorlib.com,com,25645,50903,colorlib.com,com,874,504,25677,50959
871,7,ameblo.jp,jp,25642,68021,ameblo.jp,jp,878,7,25615,68006
872,503,caniuse.com,com,25635,38776,caniuse.com,com,876,506,25634,38792
873,504,zillow.com,com,25629,52036,zillow.com,com,873,503,25689,52139
874,1,gv.at,at,25594,53947,gv.at,at,871,1,25741,54141
875,505,smugmug.com,com,25544,47439,smugmug.com,com,875,505,25667,47552
876,17,speedtest.net,net,25536,42036,speedtest.net,net,880,16,25588,42043
877,506,deadline.com,com,25515,53991,deadline.com,com,877,507,25620,54066
878,103,ohchr.org,org,25468,46066,ohchr.org,org,879,104,25607,46129
879,104,svn.apache.org,org,25459,35985,svn.apache.org,org,-1,-1,-1,-1
880,507,securityfocus.com,com,25436,37433,securityfocus.com,com,882,509,25474,37457
881,508,bestbuy.com,com,25405,49840,bestbuy.com,com,883,510,25463,49791
882,509,accor.com,com,25354,41865,accor.com,com,902,524,25136,41423
883,510,goodhousekeeping.com,com,25351,51470,goodhousekeeping.com,com,890,514,25389,51478
884,105,orcid.org,org,25310,41501,orcid.org,org,886,105,25414,41605
885,3,nic.in,in,25306,56210,nic.in,in,892,3,25333,56223
886,511,answers.com,com,25306,47722,answers.com,com,888,512,25396,47800
887,47,osha.gov,gov,25292,47534,osha.gov,gov,893,48,25324,47508
888,512,axios.com,com,25283,51905,axios.com,com,885,511,25430,51819
889,48,cia.gov,gov,25271,43359,cia.gov,gov,887,47,25406,43382
890,513,disney.com,com,25264,46468,disney.com,com,889,513,25392,46760
891,514,findlaw.com,com,25260,49860,findlaw.com,com,891,515,25386,49833
892,515,kaspersky.com,com,25220,43310,kaspersky.com,com,894,516,25268,43351
893,516,feedly.com,com,25205,55134,feedly.com,com,895,517,25205,55080
894,517,visualstudio.com,com,25193,42711,visualstudio.com,com,881,508,25480,43131
895,518,gettyimages.com,com,25130,48792,gettyimages.com,com,898,520,25185,48754
896,519,prestashop.com,com,25107,49403,prestashop.com,com,901,523,25137,49479
897,520,ups.com,com,25099,41210,ups.com,com,897,519,25191,41285
898,521,snopes.com,com,25089,47310,snopes.com,com,896,518,25193,47333
899,522,hubpages.com,com,25074,50682,hubpages.com,com,900,522,25148,50737
900,14,ctvnews.ca,ca,25051,50158,ctvnews.ca,ca,904,14,25122,50250
901,49,fema.gov,gov,25051,47006,fema.gov,gov,905,49,25082,46955
902,523,fedex.com,com,25025,42147,fedex.com,com,899,521,25151,42282
903,524,generatepress.com,com,24982,66920,generatepress.com,com,911,531,24928,66813
904,525,broadcom.com,com,24966,39431,broadcom.com,com,935,541,24580,38891
905,526,hindustantimes.com,com,24959,50846,hindustantimes.com,com,906,526,25041,50851
906,527,washingtontimes.com,com,24901,47240,washingtontimes.com,com,908,528,24991,47335
907,528,foodnetwork.com,com,24880,51247,foodnetwork.com,com,910,530,24972,51396
908,529,sony.com,com,24873,44194,sony.com,com,907,527,25031,44386
909,106,hopkinsmedicine.org,org,24855,49799,hopkinsmedicine.org,org,912,106,24922,49817
910,55,vt.edu,edu,24817,42185,vt.edu,edu,913,55,24908,42176
911,530,foxbusiness.com,com,24803,50219,foxbusiness.com,com,914,532,24888,50130
912,531,space.com,com,24803,46725,space.com,com,909,529,24974,46836
913,107,redcross.org,org,24801,47106,redcross.org,org,919,107,24813,47038
914,532,indianexpress.com,com,24783,50987,indianexpress.com,com,915,533,24856,51028
915,11,360.cn,cn,24763,45104,360.cn,cn,917,12,24817,45133
916,3,ibb.co,co,24734,44395,ibb.co,co,918,3,24816,44500
917,18,csdn.net,net,24734,36838,csdn.net,net,927,17,24695,36830
918,533,amd.com,com,24726,41973,amd.com,com,921,534,24786,42002
919,29,theregister.co.uk,uk,24693,40935,theregister.co.uk,uk,920,29,24792,41060
920,8,nhk.or.jp,jp,24672,56208,nhk.or.jp,jp,916,8,24819,56373
921,534,trendmicro.com,com,24649,41110,trendmicro.com,com,926,537,24698,41063
922,535,timeout.com,com,24647,47264,timeout.com,com,925,536,24701,47269
923,50,clinicaltrials.gov,gov,24640,42854,clinicaltrials.gov,gov,929,50,24665,42860
924,1,1drv.ms,ms,24631,40798,1drv.ms,ms,923,1,24713,40831
925,56,caltech.edu,edu,24629,40905,caltech.edu,edu,922,56,24768,41036
926,536,miamiherald.com,com,24625,48727,miamiherald.com,com,924,535,24703,48713
927,537,perl.com,com,24624,35939,perl.com,com,930,538,24663,35962
928,19,secureserver.net,net,24585,69610,secureserver.net,net,944,18,24463,69319
929,108,lua.org,org,24584,36623,lua.org,org,934,108,24592,36630
930,57,udel.edu,edu,24555,38947,udel.edu,edu,928,57,24679,38942
931,538,digitalocean.com,com,24540,41462,digitalocean.com,com,938,543,24522,41402
932,539,techrepublic.com,com,24534,42501,techrepublic.com,com,932,539,24593,42508
933,30,pinterest.co.uk,uk,24512,52993,pinterest.co.uk,uk,942,30,24470,53097
934,540,msnbc.com,com,24496,46208,msnbc.com,com,933,540,24592,46296
935,541,phpbb.com,com,24490,42521,phpbb.com,com,937,542,24545,42608
936,542,ovhcloud.com,com,24482,44898,ovhcloud.com,com,1014,578,23450,42114
937,7,mpg.de,de,24476,40806,mpg.de,de,931,7,24609,40871
938,58,brown.edu,edu,24472,42555,brown.edu,edu,936,58,24550,42594
939,109,man7.org,org,24456,37385,man7.org,org,970,113,24022,36609
940,543,tesla.com,com,24434,45307,tesla.com,com,939,544,24504,45426
941,544,ibtimes.com,com,24381,44519,ibtimes.com,com,940,545,24490,44609
942,110,telegram.org,org,24377,47779,telegram.org,org,943,109,24469,47771
943,4,wipo.int,int,24363,39009,wipo.int,int,941,4,24484,39101
944,2,worldometers.info,info,24361,44701,worldometers.info,info,947,2,24399,44649
945,545,upwork.com,com,24340,48671,upwork.com,com,948,546,24385,48634
946,5,esa.int,int,24317,40982,esa.int,int,945,5,24443,41100
947,9,japantimes.co.jp,jp,24308,45087,japantimes.co.jp,jp,946,9,24409,45101
948,7,narod.ru,ru,24281,43725,narod.ru,ru,952,7,24328,43780
949,111,isc.org,org,24242,35205,isc.org,org,956,111,24242,35198
950,546,panasonic.com,com,24238,42228,panasonic.com,com,954,550,24266,42293
951,59,gatech.edu,edu,24228,40159,gatech.edu,edu,949,59,24349,40226
952,547,yumpu.com,com,24213,42605,yumpu.com,com,950,547,24347,42723
953,548,wpastra.com,com,24211,61237,wpastra.com,com,962,555,24160,61083
954,549,rottentomatoes.com,com,24204,47392,rottentomatoes.com,com,953,549,24285,47489
955,550,list-manage1.com,com,24196,40902,list-manage1.com,com,951,548,24331,41054
956,51,weather.gov,gov,24124,45262,weather.gov,gov,963,51,24143,45218
957,551,bustle.com,com,24115,48819,bustle.com,com,957,551,24189,48912
958,552,howtogeek.com,com,24114,44207,howtogeek.com,com,960,553,24168,44248
959,553,calameo.com,com,24098,42291,calameo.com,com,961,554,24163,42411
960,554,coindesk.com,com,24068,47929,coindesk.com,com,958,552,24182,47958
961,2,or.id,id,24052,45864,or.id,id,959,2,24172,46023
962,112,ap.org,org,24004,44222,ap.org,org,965,112,24129,44307
963,113,nodejs.org,org,23987,39072,nodejs.org,org,971,114,24020,39082
964,555,bell-labs.com,com,23974,34902,bell-labs.com,com,968,558,24030,34943
965,60,oregonstate.edu,edu,23969,43108,oregonstate.edu,edu,969,61,24023,43145
966,61,vanderbilt.edu,edu,23967,41999,vanderbilt.edu,edu,966,60,24063,42043
967,556,elle.com,com,23952,46973,elle.com,com,972,559,23975,46946
968,2,yp.to,to,23952,35207,yp.to,to,974,2,23951,35214
969,557,redbull.com,com,23950,43569,redbull.com,com,964,556,24133,43824
970,558,nielsen.com,com,23939,42217,nielsen.com,com,967,557,24050,42181
971,62,cuny.edu,edu,23884,42251,cuny.edu,edu,973,62,23968,42222
972,114,metmuseum.org,org,23850,42515,metmuseum.org,org,975,115,23944,42627
973,559,ycombinator.com,com,23836,41637,ycombinator.com,com,978,561,23914,41690
974,560,gumroad.com,com,23821,47297,gumroad.com,com,984,563,23850,47420
975,561,semrush.com,com,23818,47228,semrush.com,com,985,564,23845,47230
976,1,vatican.va,va,23816,43667,vatican.va,va,976,1,23923,43727
977,115,ampproject.org,org,23815,42216,ampproject.org,org,982,117,23856,42227
978,562,stitcher.com,com,23804,49311,stitcher.com,com,977,560,23915,49365
979,12,china.com.cn,cn,23785,58031,china.com.cn,cn,986,13,23823,58117
980,63,umass.edu,edu,23762,40859,umass.edu,edu,983,63,23856,40974
981,15,mcgill.ca,ca,23756,40404,mcgill.ca,ca,979,15,23886,40525
982,116,wireshark.org,org,23753,35882,wireshark.org,org,991,119,23777,35903
983,563,reference.com,com,23742,43133,reference.com,com,980,562,23869,43249
984,564,deezer.com,com,23717,45045,deezer.com,com,988,565,23814,45164
985,117,ourworldindata.org,org,23717,44255,ourworldindata.org,org,981,116,23858,44255
986,52,ssa.gov,gov,23714,48128,ssa.gov,gov,993,52,23755,48130
987,2,google.com.br,br,23696,50245,google.com.br,br,987,2,23815,50279
988,2,scoop.it,it,23684,47294,scoop.it,it,992,2,23775,47383
989,118,amnesty.org,org,23664,43872,amnesty.org,org,990,118,23797,43911
990,565,wetransfer.com,com,23637,40488,wetransfer.com,com,989,566,23806,40780
991,566,lg.com,com,23622,41400,lg.com,com,994,567,23711,41516
992,5,tx.us,us,23618,43851,tx.us,us,997,5,23685,43815
993,20,akamaihd.net,net,23603,41343,akamaihd.net,net,996,19,23694,41512
994,64,iastate.edu,edu,23558,40063,iastate.edu,edu,998,64,23648,40086
995,567,tableau.com,com,23532,40405,tableau.com,com,995,568,23698,40666
996,568,thehindu.com,com,23526,46298,thehindu.com,com,1003,570,23562,46345
997,65,uga.edu,edu,23522,41737,uga.edu,edu,1008,66,23525,41651
998,119,gimp.org,org,23518,40056,gimp.org,org,999,120,23604,40154
999,569,homedepot.com,com,23509,46934,homedepot.com,com,1009,574,23521,47011
1000,570,popsci.com,com,23501,43050,popsci.com,com,1000,569,23602,43172
